video_path,label,dataset,group_id,split,action_labels,license_status
datasets/private/scfd/fight/fi001.mp4,1,scfd,scfd:fi001,train,fight,research-only-third-party-video-rights-unverified
datasets/private/scfd/fight/fi002.mp4,1,scfd,scfd:fi002,val,fight,research-only-third-party-video-rights-unverified
datasets/private/scfd/fight/fi003.mp4,1,scfd,scfd:fi003,train,fight,research-only-third-party-video-rights-unverified
datasets/private/scfd/fight/fi004.mp4,1,scfd,scfd:fi004,val,fight,research-only-third-party-video-rights-unverified
datasets/private/scfd/fight/fi005.mp4,1,scfd,scfd:fi005,train,fight,research-only-third-party-video-rights-unverified
datasets/private/scfd/fight/fi006.mp4,1,scfd,scfd:fi006,train,fight,research-only-third-party-video-rights-unverified
datasets/private/scfd/fight/fi007.mp4,1,scfd,scfd:fi007,train,fight,research-only-third-party-video-rights-unverified
datasets/private/scfd/fight/fi008.mp4,1,scfd,scfd:fi008,val,fight,research-only-third-party-video-rights-unverified
datasets/private/scfd/fight/fi009.mp4,1,scfd,scfd:fi009,train,fight,research-only-third-party-video-rights-unverified
datasets/private/scfd/fight/fi010.mp4,1,scfd,scfd:fi010,train,fight,research-only-third-party-video-rights-unverified
datasets/private/scfd/fight/fi011.mp4,1,scfd,scfd:fi011,train,fight,research-only-third-party-video-rights-unverified
datasets/private/scfd/fight/fi012.mp4,1,scfd,scfd:fi012,test,fight,research-only-third-party-video-rights-unverified
datasets/private/scfd/fight/fi013.mp4,1,scfd,scfd:fi013,train,fight,research-only-third-party-video-rights-unverified
datasets/private/scfd/fight/fi014.mp4,1,scfd,scfd:fi014,train,fight,research-only-third-party-video-rights-unverified
datasets/private/scfd/fight/fi015.mp4,1,scfd,scfd:fi015,test,fight,research-only-third-party-video-rights-unverified
datasets/private/scfd/fight/fi016.mp4,1,scfd,scfd:fi016,train,fight,research-only-third-party-video-rights-unverified
datasets/private/scfd/fight/fi017.mp4,1,scfd,scfd:fi017,train,fight,research-only-third-party-video-rights-unverified
datasets/private/scfd/fight/fi018.mp4,1,scfd,scfd:fi018,val,fight,research-only-third-party-video-rights-unverified
datasets/private/scfd/fight/fi019.mp4,1,scfd,scfd:fi019,val,fight,research-only-third-party-video-rights-unverified
datasets/private/scfd/fight/fi020.mp4,1,scfd,scfd:fi020,test,fight,research-only-third-party-video-rights-unverified
datasets/private/scfd/fight/fi021.mp4,1,scfd,scfd:fi021,train,fight,research-only-third-party-video-rights-unverified
datasets/private/scfd/fight/fi022.mp4,1,scfd,scfd:fi022,val,fight,research-only-third-party-video-rights-unverified
datasets/private/scfd/fight/fi023.mp4,1,scfd,scfd:fi023,val,fight,research-only-third-party-video-rights-unverified
datasets/private/scfd/fight/fi024.mp4,1,scfd,scfd:fi024,val,fight,research-only-third-party-video-rights-unverified
datasets/private/scfd/fight/fi025.mp4,1,scfd,scfd:fi025,train,fight,research-only-third-party-video-rights-unverified
datasets/private/scfd/fight/fi026.mp4,1,scfd,scfd:fi026,train,fight,research-only-third-party-video-rights-unverified
datasets/private/scfd/fight/fi027.mp4,1,scfd,scfd:fi027,val,fight,research-only-third-party-video-rights-unverified
datasets/private/scfd/fight/fi028.mp4,1,scfd,scfd:fi028,train,fight,research-only-third-party-video-rights-unverified
datasets/private/scfd/fight/fi029.mp4,1,scfd,scfd:fi029,train,fight,research-only-third-party-video-rights-unverified
datasets/private/scfd/fight/fi030.mp4,1,scfd,scfd:fi030,test,fight,research-only-third-party-video-rights-unverified
datasets/private/scfd/fight/fi031.mp4,1,scfd,scfd:fi031,train,fight,research-only-third-party-video-rights-unverified
datasets/private/scfd/fight/fi032.mp4,1,scfd,scfd:fi032,val,fight,research-only-third-party-video-rights-unverified
datasets/private/scfd/fight/fi033.mp4,1,scfd,scfd:fi033,train,fight,research-only-third-party-video-rights-unverified
datasets/private/scfd/fight/fi034.mp4,1,scfd,scfd:fi034,train,fight,research-only-third-party-video-rights-unverified
datasets/private/scfd/fight/fi035.mp4,1,scfd,scfd:fi035,train,fight,research-only-third-party-video-rights-unverified
datasets/private/scfd/fight/fi036.mp4,1,scfd,scfd:fi036,val,fight,research-only-third-party-video-rights-unverified
datasets/private/scfd/fight/fi037.mp4,1,scfd,scfd:fi037,test,fight,research-only-third-party-video-rights-unverified
datasets/private/scfd/fight/fi038.mp4,1,scfd,scfd:fi038,train,fight,research-only-third-party-video-rights-unverified
datasets/private/scfd/fight/fi039.mp4,1,scfd,scfd:fi039,train,fight,research-only-third-party-video-rights-unverified
datasets/private/scfd/fight/fi040.mp4,1,scfd,scfd:fi040,train,fight,research-only-third-party-video-rights-unverified
datasets/private/scfd/fight/fi041.mp4,1,scfd,scfd:fi041,train,fight,research-only-third-party-video-rights-unverified
datasets/private/scfd/fight/fi042.mp4,1,scfd,scfd:fi042,train,fight,research-only-third-party-video-rights-unverified
datasets/private/scfd/fight/fi043.mp4,1,scfd,scfd:fi043,val,fight,research-only-third-party-video-rights-unverified
datasets/private/scfd/fight/fi044.mp4,1,scfd,scfd:fi044,train,fight,research-only-third-party-video-rights-unverified
datasets/private/scfd/fight/fi045.mp4,1,scfd,scfd:fi045,train,fight,research-only-third-party-video-rights-unverified
datasets/private/scfd/fight/fi046.mp4,1,scfd,scfd:fi046,train,fight,research-only-third-party-video-rights-unverified
datasets/private/scfd/fight/fi047.mp4,1,scfd,scfd:fi047,train,fight,research-only-third-party-video-rights-unverified
datasets/private/scfd/fight/fi048.mp4,1,scfd,scfd:fi048,train,fight,research-only-third-party-video-rights-unverified
datasets/private/scfd/fight/fi049.mp4,1,scfd,scfd:fi049,test,fight,research-only-third-party-video-rights-unverified
datasets/private/scfd/fight/fi050.mp4,1,scfd,scfd:fi050,train,fight,research-only-third-party-video-rights-unverified
datasets/private/scfd/fight/fi051.mp4,1,scfd,scfd:fi051,train,fight,research-only-third-party-video-rights-unverified
datasets/private/scfd/fight/fi052.mp4,1,scfd,scfd:fi052,val,fight,research-only-third-party-video-rights-unverified
datasets/private/scfd/fight/fi053.mp4,1,scfd,scfd:fi053,val,fight,research-only-third-party-video-rights-unverified
datasets/private/scfd/fight/fi054.mp4,1,scfd,scfd:fi054,train,fight,research-only-third-party-video-rights-unverified
datasets/private/scfd/fight/fi055.mp4,1,scfd,scfd:fi055,train,fight,research-only-third-party-video-rights-unverified
datasets/private/scfd/fight/fi056.mp4,1,scfd,scfd:fi056,train,fight,research-only-third-party-video-rights-unverified
datasets/private/scfd/fight/fi057.mp4,1,scfd,scfd:fi057,val,fight,research-only-third-party-video-rights-unverified
datasets/private/scfd/fight/fi058.mp4,1,scfd,scfd:fi058,train,fight,research-only-third-party-video-rights-unverified
datasets/private/scfd/fight/fi059.mp4,1,scfd,scfd:fi059,train,fight,research-only-third-party-video-rights-unverified
datasets/private/scfd/fight/fi060.mp4,1,scfd,scfd:fi060,train,fight,research-only-third-party-video-rights-unverified
datasets/private/scfd/fight/fi061.mp4,1,scfd,scfd:fi061,train,fight,research-only-third-party-video-rights-unverified
datasets/private/scfd/fight/fi062.mp4,1,scfd,scfd:fi062,train,fight,research-only-third-party-video-rights-unverified
datasets/private/scfd/fight/fi063.mp4,1,scfd,scfd:fi063,train,fight,research-only-third-party-video-rights-unverified
datasets/private/scfd/fight/fi064.mp4,1,scfd,scfd:fi064,train,fight,research-only-third-party-video-rights-unverified
datasets/private/scfd/fight/fi065.mp4,1,scfd,scfd:fi065,test,fight,research-only-third-party-video-rights-unverified
datasets/private/scfd/fight/fi066.mp4,1,scfd,scfd:fi066,train,fight,research-only-third-party-video-rights-unverified
datasets/private/scfd/fight/fi067.mp4,1,scfd,scfd:fi067,test,fight,research-only-third-party-video-rights-unverified
datasets/private/scfd/fight/fi068.mp4,1,scfd,scfd:fi068,train,fight,research-only-third-party-video-rights-unverified
datasets/private/scfd/fight/fi069.mp4,1,scfd,scfd:fi069,test,fight,research-only-third-party-video-rights-unverified
datasets/private/scfd/fight/fi070.mp4,1,scfd,scfd:fi070,test,fight,research-only-third-party-video-rights-unverified
datasets/private/scfd/fight/fi071.mp4,1,scfd,scfd:fi071,train,fight,research-only-third-party-video-rights-unverified
datasets/private/scfd/fight/fi072.mp4,1,scfd,scfd:fi072,train,fight,research-only-third-party-video-rights-unverified
datasets/private/scfd/fight/fi073.mp4,1,scfd,scfd:fi073,train,fight,research-only-third-party-video-rights-unverified
datasets/private/scfd/fight/fi074.mp4,1,scfd,scfd:fi074,train,fight,research-only-third-party-video-rights-unverified
datasets/private/scfd/fight/fi075.mp4,1,scfd,scfd:fi075,train,fight,research-only-third-party-video-rights-unverified
datasets/private/scfd/fight/fi076.mp4,1,scfd,scfd:fi076,train,fight,research-only-third-party-video-rights-unverified
datasets/private/scfd/fight/fi077.mp4,1,scfd,scfd:fi077,test,fight,research-only-third-party-video-rights-unverified
datasets/private/scfd/fight/fi078.mp4,1,scfd,scfd:fi078,train,fight,research-only-third-party-video-rights-unverified
datasets/private/scfd/fight/fi079.mp4,1,scfd,scfd:fi079,train,fight,research-only-third-party-video-rights-unverified
datasets/private/scfd/fight/fi080.mp4,1,scfd,scfd:fi080,train,fight,research-only-third-party-video-rights-unverified
datasets/private/scfd/fight/fi081.mp4,1,scfd,scfd:fi081,train,fight,research-only-third-party-video-rights-unverified
datasets/private/scfd/fight/fi082.mp4,1,scfd,scfd:fi082,train,fight,research-only-third-party-video-rights-unverified
datasets/private/scfd/fight/fi083.mp4,1,scfd,scfd:fi083,train,fight,research-only-third-party-video-rights-unverified
datasets/private/scfd/fight/fi084.mp4,1,scfd,scfd:fi084,train,fight,research-only-third-party-video-rights-unverified
datasets/private/scfd/fight/fi085.mp4,1,scfd,scfd:fi085,train,fight,research-only-third-party-video-rights-unverified
datasets/private/scfd/fight/fi086.mp4,1,scfd,scfd:fi086,test,fight,research-only-third-party-video-rights-unverified
datasets/private/scfd/fight/fi087.mp4,1,scfd,scfd:fi087,train,fight,research-only-third-party-video-rights-unverified
datasets/private/scfd/fight/fi088.mp4,1,scfd,scfd:fi088,test,fight,research-only-third-party-video-rights-unverified
datasets/private/scfd/fight/fi089.mp4,1,scfd,scfd:fi089,train,fight,research-only-third-party-video-rights-unverified
datasets/private/scfd/fight/fi090.mp4,1,scfd,scfd:fi090,train,fight,research-only-third-party-video-rights-unverified
datasets/private/scfd/fight/fi091.mp4,1,scfd,scfd:fi091,train,fight,research-only-third-party-video-rights-unverified
datasets/private/scfd/fight/fi092.mp4,1,scfd,scfd:fi092,train,fight,research-only-third-party-video-rights-unverified
datasets/private/scfd/fight/fi093.mp4,1,scfd,scfd:fi093,val,fight,research-only-third-party-video-rights-unverified
datasets/private/scfd/fight/fi094.mp4,1,scfd,scfd:fi094,train,fight,research-only-third-party-video-rights-unverified
datasets/private/scfd/fight/fi095.mp4,1,scfd,scfd:fi095,test,fight,research-only-third-party-video-rights-unverified
datasets/private/scfd/fight/fi096.mp4,1,scfd,scfd:fi096,train,fight,research-only-third-party-video-rights-unverified
datasets/private/scfd/fight/fi097.mp4,1,scfd,scfd:fi097,train,fight,research-only-third-party-video-rights-unverified
datasets/private/scfd/fight/fi098.mp4,1,scfd,scfd:fi098,train,fight,research-only-third-party-video-rights-unverified
datasets/private/scfd/fight/fi099.mp4,1,scfd,scfd:fi099,train,fight,research-only-third-party-video-rights-unverified
datasets/private/scfd/fight/fi100.mp4,1,scfd,scfd:fi100,train,fight,research-only-third-party-video-rights-unverified
datasets/private/scfd/fight/fi101.mp4,1,scfd,scfd:fi101,train,fight,research-only-third-party-video-rights-unverified
datasets/private/scfd/fight/fi102.mp4,1,scfd,scfd:fi102,train,fight,research-only-third-party-video-rights-unverified
datasets/private/scfd/fight/fi103.mp4,1,scfd,scfd:fi103,train,fight,research-only-third-party-video-rights-unverified
datasets/private/scfd/fight/fi104.mp4,1,scfd,scfd:fi104,train,fight,research-only-third-party-video-rights-unverified
datasets/private/scfd/fight/fi105.mp4,1,scfd,scfd:fi105,train,fight,research-only-third-party-video-rights-unverified
datasets/private/scfd/fight/fi106.mp4,1,scfd,scfd:fi106,train,fight,research-only-third-party-video-rights-unverified
datasets/private/scfd/fight/fi107.mp4,1,scfd,scfd:fi107,train,fight,research-only-third-party-video-rights-unverified
datasets/private/scfd/fight/fi108.mp4,1,scfd,scfd:fi108,train,fight,research-only-third-party-video-rights-unverified
datasets/private/scfd/fight/fi109.mp4,1,scfd,scfd:fi109,test,fight,research-only-third-party-video-rights-unverified
datasets/private/scfd/fight/fi110.mp4,1,scfd,scfd:fi110,train,fight,research-only-third-party-video-rights-unverified
datasets/private/scfd/fight/fi111.mp4,1,scfd,scfd:fi111,val,fight,research-only-third-party-video-rights-unverified
datasets/private/scfd/fight/fi112.mp4,1,scfd,scfd:fi112,train,fight,research-only-third-party-video-rights-unverified
datasets/private/scfd/fight/fi113.mp4,1,scfd,scfd:fi113,test,fight,research-only-third-party-video-rights-unverified
datasets/private/scfd/fight/fi114.mp4,1,scfd,scfd:fi114,train,fight,research-only-third-party-video-rights-unverified
datasets/private/scfd/fight/fi115.mp4,1,scfd,scfd:fi115,train,fight,research-only-third-party-video-rights-unverified
datasets/private/scfd/fight/fi116.mp4,1,scfd,scfd:fi116,train,fight,research-only-third-party-video-rights-unverified
datasets/private/scfd/fight/fi117.mp4,1,scfd,scfd:fi117,train,fight,research-only-third-party-video-rights-unverified
datasets/private/scfd/fight/fi118.mp4,1,scfd,scfd:fi118,train,fight,research-only-third-party-video-rights-unverified
datasets/private/scfd/fight/fi119.mp4,1,scfd,scfd:fi119,train,fight,research-only-third-party-video-rights-unverified
datasets/private/scfd/fight/fi120.mp4,1,scfd,scfd:fi120,train,fight,research-only-third-party-video-rights-unverified
datasets/private/scfd/fight/fi121.mp4,1,scfd,scfd:fi121,train,fight,research-only-third-party-video-rights-unverified
datasets/private/scfd/fight/fi122.mp4,1,scfd,scfd:fi122,test,fight,research-only-third-party-video-rights-unverified
datasets/private/scfd/fight/fi123.mp4,1,scfd,scfd:fi123,val,fight,research-only-third-party-video-rights-unverified
datasets/private/scfd/fight/fi124.mp4,1,scfd,scfd:fi124,train,fight,research-only-third-party-video-rights-unverified
datasets/private/scfd/fight/fi125.mp4,1,scfd,scfd:fi125,train,fight,research-only-third-party-video-rights-unverified
datasets/private/scfd/fight/fi126.mp4,1,scfd,scfd:fi126,train,fight,research-only-third-party-video-rights-unverified
datasets/private/scfd/fight/fi127.mp4,1,scfd,scfd:fi127,train,fight,research-only-third-party-video-rights-unverified
datasets/private/scfd/fight/fi128.mp4,1,scfd,scfd:fi128,train,fight,research-only-third-party-video-rights-unverified
datasets/private/scfd/fight/fi129.mp4,1,scfd,scfd:fi129,train,fight,research-only-third-party-video-rights-unverified
datasets/private/scfd/fight/fi130.mp4,1,scfd,scfd:fi130,val,fight,research-only-third-party-video-rights-unverified
datasets/private/scfd/fight/fi131.mp4,1,scfd,scfd:fi131,test,fight,research-only-third-party-video-rights-unverified
datasets/private/scfd/fight/fi132.mp4,1,scfd,scfd:fi132,train,fight,research-only-third-party-video-rights-unverified
datasets/private/scfd/fight/fi133.mp4,1,scfd,scfd:fi133,train,fight,research-only-third-party-video-rights-unverified
datasets/private/scfd/fight/fi134.mp4,1,scfd,scfd:fi134,test,fight,research-only-third-party-video-rights-unverified
datasets/private/scfd/fight/fi135.mp4,1,scfd,scfd:fi135,train,fight,research-only-third-party-video-rights-unverified
datasets/private/scfd/fight/fi136.mp4,1,scfd,scfd:fi136,test,fight,research-only-third-party-video-rights-unverified
datasets/private/scfd/fight/fi137.mp4,1,scfd,scfd:fi137,train,fight,research-only-third-party-video-rights-unverified
datasets/private/scfd/fight/fi138.mp4,1,scfd,scfd:fi138,test,fight,research-only-third-party-video-rights-unverified
datasets/private/scfd/fight/fi139.mp4,1,scfd,scfd:fi139,test,fight,research-only-third-party-video-rights-unverified
datasets/private/scfd/fight/fi140.mp4,1,scfd,scfd:fi140,test,fight,research-only-third-party-video-rights-unverified
datasets/private/scfd/fight/fi141.mp4,1,scfd,scfd:fi141,train,fight,research-only-third-party-video-rights-unverified
datasets/private/scfd/fight/fi142.mp4,1,scfd,scfd:fi142,train,fight,research-only-third-party-video-rights-unverified
datasets/private/scfd/fight/fi143.mp4,1,scfd,scfd:fi143,val,fight,research-only-third-party-video-rights-unverified
datasets/private/scfd/fight/fi144.mp4,1,scfd,scfd:fi144,train,fight,research-only-third-party-video-rights-unverified
datasets/private/scfd/fight/fi145.mp4,1,scfd,scfd:fi145,val,fight,research-only-third-party-video-rights-unverified
datasets/private/scfd/fight/fi146.mp4,1,scfd,scfd:fi146,val,fight,research-only-third-party-video-rights-unverified
datasets/private/scfd/fight/fi147.mp4,1,scfd,scfd:fi147,train,fight,research-only-third-party-video-rights-unverified
datasets/private/scfd/fight/fi148.mp4,1,scfd,scfd:fi148,train,fight,research-only-third-party-video-rights-unverified
datasets/private/scfd/fight/fi149.mp4,1,scfd,scfd:fi149,train,fight,research-only-third-party-video-rights-unverified
datasets/private/scfd/fight/fi150.mp4,1,scfd,scfd:fi150,train,fight,research-only-third-party-video-rights-unverified
datasets/private/scfd/noFight/nofi001.mp4,0,scfd,scfd:nofi001,val,non-fight,research-only-third-party-video-rights-unverified
datasets/private/scfd/noFight/nofi002.mp4,0,scfd,scfd:nofi002,train,non-fight,research-only-third-party-video-rights-unverified
datasets/private/scfd/noFight/nofi003.mp4,0,scfd,scfd:nofi003,train,non-fight,research-only-third-party-video-rights-unverified
datasets/private/scfd/noFight/nofi004.mp4,0,scfd,scfd:nofi004,train,non-fight,research-only-third-party-video-rights-unverified
datasets/private/scfd/noFight/nofi005.mp4,0,scfd,scfd:nofi005,train,non-fight,research-only-third-party-video-rights-unverified
datasets/private/scfd/noFight/nofi006.mp4,0,scfd,scfd:nofi006,train,non-fight,research-only-third-party-video-rights-unverified
datasets/private/scfd/noFight/nofi007.mp4,0,scfd,scfd:nofi007,train,non-fight,research-only-third-party-video-rights-unverified
datasets/private/scfd/noFight/nofi008.mp4,0,scfd,scfd:nofi008,train,non-fight,research-only-third-party-video-rights-unverified
datasets/private/scfd/noFight/nofi009.mp4,0,scfd,scfd:nofi009,train,non-fight,research-only-third-party-video-rights-unverified
datasets/private/scfd/noFight/nofi010.mp4,0,scfd,scfd:nofi010,train,non-fight,research-only-third-party-video-rights-unverified
datasets/private/scfd/noFight/nofi011.mp4,0,scfd,scfd:nofi011,train,non-fight,research-only-third-party-video-rights-unverified
datasets/private/scfd/noFight/nofi012.mp4,0,scfd,scfd:nofi012,val,non-fight,research-only-third-party-video-rights-unverified
datasets/private/scfd/noFight/nofi013.mp4,0,scfd,scfd:nofi013,test,non-fight,research-only-third-party-video-rights-unverified
datasets/private/scfd/noFight/nofi014.mp4,0,scfd,scfd:nofi014,train,non-fight,research-only-third-party-video-rights-unverified
datasets/private/scfd/noFight/nofi015.mp4,0,scfd,scfd:nofi015,test,non-fight,research-only-third-party-video-rights-unverified
datasets/private/scfd/noFight/nofi016.mp4,0,scfd,scfd:nofi016,val,non-fight,research-only-third-party-video-rights-unverified
datasets/private/scfd/noFight/nofi017.mp4,0,scfd,scfd:nofi017,train,non-fight,research-only-third-party-video-rights-unverified
datasets/private/scfd/noFight/nofi018.mp4,0,scfd,scfd:nofi018,test,non-fight,research-only-third-party-video-rights-unverified
datasets/private/scfd/noFight/nofi019.mp4,0,scfd,scfd:nofi019,test,non-fight,research-only-third-party-video-rights-unverified
datasets/private/scfd/noFight/nofi020.mp4,0,scfd,scfd:nofi020,train,non-fight,research-only-third-party-video-rights-unverified
datasets/private/scfd/noFight/nofi021.mp4,0,scfd,scfd:nofi021,train,non-fight,research-only-third-party-video-rights-unverified
datasets/private/scfd/noFight/nofi022.mp4,0,scfd,scfd:nofi022,val,non-fight,research-only-third-party-video-rights-unverified
datasets/private/scfd/noFight/nofi023.mp4,0,scfd,scfd:nofi023,train,non-fight,research-only-third-party-video-rights-unverified
datasets/private/scfd/noFight/nofi024.mp4,0,scfd,scfd:nofi024,train,non-fight,research-only-third-party-video-rights-unverified
datasets/private/scfd/noFight/nofi025.mp4,0,scfd,scfd:nofi025,train,non-fight,research-only-third-party-video-rights-unverified
datasets/private/scfd/noFight/nofi026.mp4,0,scfd,scfd:nofi026,train,non-fight,research-only-third-party-video-rights-unverified
datasets/private/scfd/noFight/nofi027.mp4,0,scfd,scfd:nofi027,train,non-fight,research-only-third-party-video-rights-unverified
datasets/private/scfd/noFight/nofi028.mp4,0,scfd,scfd:nofi028,train,non-fight,research-only-third-party-video-rights-unverified
datasets/private/scfd/noFight/nofi029.mp4,0,scfd,scfd:nofi029,train,non-fight,research-only-third-party-video-rights-unverified
datasets/private/scfd/noFight/nofi030.mp4,0,scfd,scfd:nofi030,train,non-fight,research-only-third-party-video-rights-unverified
datasets/private/scfd/noFight/nofi031.mp4,0,scfd,scfd:nofi031,train,non-fight,research-only-third-party-video-rights-unverified
datasets/private/scfd/noFight/nofi032.mp4,0,scfd,scfd:nofi032,train,non-fight,research-only-third-party-video-rights-unverified
datasets/private/scfd/noFight/nofi033.mp4,0,scfd,scfd:nofi033,train,non-fight,research-only-third-party-video-rights-unverified
datasets/private/scfd/noFight/nofi034.mp4,0,scfd,scfd:nofi034,val,non-fight,research-only-third-party-video-rights-unverified
datasets/private/scfd/noFight/nofi035.mp4,0,scfd,scfd:nofi035,train,non-fight,research-only-third-party-video-rights-unverified
datasets/private/scfd/noFight/nofi036.mp4,0,scfd,scfd:nofi036,train,non-fight,research-only-third-party-video-rights-unverified
datasets/private/scfd/noFight/nofi037.mp4,0,scfd,scfd:nofi037,train,non-fight,research-only-third-party-video-rights-unverified
datasets/private/scfd/noFight/nofi038.mp4,0,scfd,scfd:nofi038,test,non-fight,research-only-third-party-video-rights-unverified
datasets/private/scfd/noFight/nofi039.mp4,0,scfd,scfd:nofi039,train,non-fight,research-only-third-party-video-rights-unverified
datasets/private/scfd/noFight/nofi040.mp4,0,scfd,scfd:nofi040,train,non-fight,research-only-third-party-video-rights-unverified
datasets/private/scfd/noFight/nofi041.mp4,0,scfd,scfd:nofi041,test,non-fight,research-only-third-party-video-rights-unverified
datasets/private/scfd/noFight/nofi042.mp4,0,scfd,scfd:nofi042,train,non-fight,research-only-third-party-video-rights-unverified
datasets/private/scfd/noFight/nofi043.mp4,0,scfd,scfd:nofi043,train,non-fight,research-only-third-party-video-rights-unverified
datasets/private/scfd/noFight/nofi044.mp4,0,scfd,scfd:nofi044,train,non-fight,research-only-third-party-video-rights-unverified
datasets/private/scfd/noFight/nofi045.mp4,0,scfd,scfd:nofi045,val,non-fight,research-only-third-party-video-rights-unverified
datasets/private/scfd/noFight/nofi046.mp4,0,scfd,scfd:nofi046,train,non-fight,research-only-third-party-video-rights-unverified
datasets/private/scfd/noFight/nofi047.mp4,0,scfd,scfd:nofi047,test,non-fight,research-only-third-party-video-rights-unverified
datasets/private/scfd/noFight/nofi048.mp4,0,scfd,scfd:nofi048,train,non-fight,research-only-third-party-video-rights-unverified
datasets/private/scfd/noFight/nofi049.mp4,0,scfd,scfd:nofi049,train,non-fight,research-only-third-party-video-rights-unverified
datasets/private/scfd/noFight/nofi050.mp4,0,scfd,scfd:nofi050,train,non-fight,research-only-third-party-video-rights-unverified
datasets/private/scfd/noFight/nofi051.mp4,0,scfd,scfd:nofi051,test,non-fight,research-only-third-party-video-rights-unverified
datasets/private/scfd/noFight/nofi052.mp4,0,scfd,scfd:nofi052,val,non-fight,research-only-third-party-video-rights-unverified
datasets/private/scfd/noFight/nofi053.mp4,0,scfd,scfd:nofi053,train,non-fight,research-only-third-party-video-rights-unverified
datasets/private/scfd/noFight/nofi054.mp4,0,scfd,scfd:nofi054,train,non-fight,research-only-third-party-video-rights-unverified
datasets/private/scfd/noFight/nofi055.mp4,0,scfd,scfd:nofi055,train,non-fight,research-only-third-party-video-rights-unverified
datasets/private/scfd/noFight/nofi056.mp4,0,scfd,scfd:nofi056,train,non-fight,research-only-third-party-video-rights-unverified
datasets/private/scfd/noFight/nofi057.mp4,0,scfd,scfd:nofi057,val,non-fight,research-only-third-party-video-rights-unverified
datasets/private/scfd/noFight/nofi058.mp4,0,scfd,scfd:nofi058,train,non-fight,research-only-third-party-video-rights-unverified
datasets/private/scfd/noFight/nofi059.mp4,0,scfd,scfd:nofi059,train,non-fight,research-only-third-party-video-rights-unverified
datasets/private/scfd/noFight/nofi060.mp4,0,scfd,scfd:nofi060,train,non-fight,research-only-third-party-video-rights-unverified
datasets/private/scfd/noFight/nofi061.mp4,0,scfd,scfd:nofi061,test,non-fight,research-only-third-party-video-rights-unverified
datasets/private/scfd/noFight/nofi062.mp4,0,scfd,scfd:nofi062,train,non-fight,research-only-third-party-video-rights-unverified
datasets/private/scfd/noFight/nofi063.mp4,0,scfd,scfd:nofi063,test,non-fight,research-only-third-party-video-rights-unverified
datasets/private/scfd/noFight/nofi064.mp4,0,scfd,scfd:nofi064,train,non-fight,research-only-third-party-video-rights-unverified
datasets/private/scfd/noFight/nofi065.mp4,0,scfd,scfd:nofi065,train,non-fight,research-only-third-party-video-rights-unverified
datasets/private/scfd/noFight/nofi066.mp4,0,scfd,scfd:nofi066,train,non-fight,research-only-third-party-video-rights-unverified
datasets/private/scfd/noFight/nofi067.mp4,0,scfd,scfd:nofi067,train,non-fight,research-only-third-party-video-rights-unverified
datasets/private/scfd/noFight/nofi068.mp4,0,scfd,scfd:nofi068,val,non-fight,research-only-third-party-video-rights-unverified
datasets/private/scfd/noFight/nofi069.mp4,0,scfd,scfd:nofi069,train,non-fight,research-only-third-party-video-rights-unverified
datasets/private/scfd/noFight/nofi070.mp4,0,scfd,scfd:nofi070,train,non-fight,research-only-third-party-video-rights-unverified
datasets/private/scfd/noFight/nofi071.mp4,0,scfd,scfd:nofi071,val,non-fight,research-only-third-party-video-rights-unverified
datasets/private/scfd/noFight/nofi072.mp4,0,scfd,scfd:nofi072,val,non-fight,research-only-third-party-video-rights-unverified
datasets/private/scfd/noFight/nofi073.mp4,0,scfd,scfd:nofi073,train,non-fight,research-only-third-party-video-rights-unverified
datasets/private/scfd/noFight/nofi074.mp4,0,scfd,scfd:nofi074,train,non-fight,research-only-third-party-video-rights-unverified
datasets/private/scfd/noFight/nofi075.mp4,0,scfd,scfd:nofi075,train,non-fight,research-only-third-party-video-rights-unverified
datasets/private/scfd/noFight/nofi076.mp4,0,scfd,scfd:nofi076,train,non-fight,research-only-third-party-video-rights-unverified
datasets/private/scfd/noFight/nofi077.mp4,0,scfd,scfd:nofi077,train,non-fight,research-only-third-party-video-rights-unverified
datasets/private/scfd/noFight/nofi078.mp4,0,scfd,scfd:nofi078,test,non-fight,research-only-third-party-video-rights-unverified
datasets/private/scfd/noFight/nofi079.mp4,0,scfd,scfd:nofi079,train,non-fight,research-only-third-party-video-rights-unverified
datasets/private/scfd/noFight/nofi080.mp4,0,scfd,scfd:nofi080,train,non-fight,research-only-third-party-video-rights-unverified
datasets/private/scfd/noFight/nofi081.mp4,0,scfd,scfd:nofi081,train,non-fight,research-only-third-party-video-rights-unverified
datasets/private/scfd/noFight/nofi082.mp4,0,scfd,scfd:nofi082,train,non-fight,research-only-third-party-video-rights-unverified
datasets/private/scfd/noFight/nofi083.mp4,0,scfd,scfd:nofi083,test,non-fight,research-only-third-party-video-rights-unverified
datasets/private/scfd/noFight/nofi084.mp4,0,scfd,scfd:nofi084,val,non-fight,research-only-third-party-video-rights-unverified
datasets/private/scfd/noFight/nofi085.mp4,0,scfd,scfd:nofi085,val,non-fight,research-only-third-party-video-rights-unverified
datasets/private/scfd/noFight/nofi086.mp4,0,scfd,scfd:nofi086,train,non-fight,research-only-third-party-video-rights-unverified
datasets/private/scfd/noFight/nofi087.mp4,0,scfd,scfd:nofi087,train,non-fight,research-only-third-party-video-rights-unverified
datasets/private/scfd/noFight/nofi088.mp4,0,scfd,scfd:nofi088,train,non-fight,research-only-third-party-video-rights-unverified
datasets/private/scfd/noFight/nofi089.mp4,0,scfd,scfd:nofi089,test,non-fight,research-only-third-party-video-rights-unverified
datasets/private/scfd/noFight/nofi090.mp4,0,scfd,scfd:nofi090,train,non-fight,research-only-third-party-video-rights-unverified
datasets/private/scfd/noFight/nofi091.mp4,0,scfd,scfd:nofi091,train,non-fight,research-only-third-party-video-rights-unverified
datasets/private/scfd/noFight/nofi092.mp4,0,scfd,scfd:nofi092,train,non-fight,research-only-third-party-video-rights-unverified
datasets/private/scfd/noFight/nofi093.mp4,0,scfd,scfd:nofi093,train,non-fight,research-only-third-party-video-rights-unverified
datasets/private/scfd/noFight/nofi094.mp4,0,scfd,scfd:nofi094,test,non-fight,research-only-third-party-video-rights-unverified
datasets/private/scfd/noFight/nofi095.mp4,0,scfd,scfd:nofi095,train,non-fight,research-only-third-party-video-rights-unverified
datasets/private/scfd/noFight/nofi096.mp4,0,scfd,scfd:nofi096,train,non-fight,research-only-third-party-video-rights-unverified
datasets/private/scfd/noFight/nofi097.mp4,0,scfd,scfd:nofi097,train,non-fight,research-only-third-party-video-rights-unverified
datasets/private/scfd/noFight/nofi098.mp4,0,scfd,scfd:nofi098,train,non-fight,research-only-third-party-video-rights-unverified
datasets/private/scfd/noFight/nofi099.mp4,0,scfd,scfd:nofi099,val,non-fight,research-only-third-party-video-rights-unverified
datasets/private/scfd/noFight/nofi100.mp4,0,scfd,scfd:nofi100,val,non-fight,research-only-third-party-video-rights-unverified
datasets/private/scfd/noFight/nofi101.mp4,0,scfd,scfd:nofi101,train,non-fight,research-only-third-party-video-rights-unverified
datasets/private/scfd/noFight/nofi102.mp4,0,scfd,scfd:nofi102,train,non-fight,research-only-third-party-video-rights-unverified
datasets/private/scfd/noFight/nofi103.mp4,0,scfd,scfd:nofi103,train,non-fight,research-only-third-party-video-rights-unverified
datasets/private/scfd/noFight/nofi104.mp4,0,scfd,scfd:nofi104,train,non-fight,research-only-third-party-video-rights-unverified
datasets/private/scfd/noFight/nofi105.mp4,0,scfd,scfd:nofi105,train,non-fight,research-only-third-party-video-rights-unverified
datasets/private/scfd/noFight/nofi106.mp4,0,scfd,scfd:nofi106,train,non-fight,research-only-third-party-video-rights-unverified
datasets/private/scfd/noFight/nofi107.mp4,0,scfd,scfd:nofi107,train,non-fight,research-only-third-party-video-rights-unverified
datasets/private/scfd/noFight/nofi108.mp4,0,scfd,scfd:nofi108,train,non-fight,research-only-third-party-video-rights-unverified
datasets/private/scfd/noFight/nofi109.mp4,0,scfd,scfd:nofi109,test,non-fight,research-only-third-party-video-rights-unverified
datasets/private/scfd/noFight/nofi110.mp4,0,scfd,scfd:nofi110,test,non-fight,research-only-third-party-video-rights-unverified
datasets/private/scfd/noFight/nofi111.mp4,0,scfd,scfd:nofi111,train,non-fight,research-only-third-party-video-rights-unverified
datasets/private/scfd/noFight/nofi112.mp4,0,scfd,scfd:nofi112,train,non-fight,research-only-third-party-video-rights-unverified
datasets/private/scfd/noFight/nofi113.mp4,0,scfd,scfd:nofi113,test,non-fight,research-only-third-party-video-rights-unverified
datasets/private/scfd/noFight/nofi114.mp4,0,scfd,scfd:nofi114,train,non-fight,research-only-third-party-video-rights-unverified
datasets/private/scfd/noFight/nofi115.mp4,0,scfd,scfd:nofi115,val,non-fight,research-only-third-party-video-rights-unverified
datasets/private/scfd/noFight/nofi116.mp4,0,scfd,scfd:nofi116,train,non-fight,research-only-third-party-video-rights-unverified
datasets/private/scfd/noFight/nofi117.mp4,0,scfd,scfd:nofi117,train,non-fight,research-only-third-party-video-rights-unverified
datasets/private/scfd/noFight/nofi118.mp4,0,scfd,scfd:nofi118,train,non-fight,research-only-third-party-video-rights-unverified
datasets/private/scfd/noFight/nofi119.mp4,0,scfd,scfd:nofi119,val,non-fight,research-only-third-party-video-rights-unverified
datasets/private/scfd/noFight/nofi120.mp4,0,scfd,scfd:nofi120,train,non-fight,research-only-third-party-video-rights-unverified
datasets/private/scfd/noFight/nofi121.mp4,0,scfd,scfd:nofi121,val,non-fight,research-only-third-party-video-rights-unverified
datasets/private/scfd/noFight/nofi122.mp4,0,scfd,scfd:nofi122,val,non-fight,research-only-third-party-video-rights-unverified
datasets/private/scfd/noFight/nofi123.mp4,0,scfd,scfd:nofi123,train,non-fight,research-only-third-party-video-rights-unverified
datasets/private/scfd/noFight/nofi124.mp4,0,scfd,scfd:nofi124,train,non-fight,research-only-third-party-video-rights-unverified
datasets/private/scfd/noFight/nofi125.mp4,0,scfd,scfd:nofi125,train,non-fight,research-only-third-party-video-rights-unverified
datasets/private/scfd/noFight/nofi126.mp4,0,scfd,scfd:nofi126,train,non-fight,research-only-third-party-video-rights-unverified
datasets/private/scfd/noFight/nofi127.mp4,0,scfd,scfd:nofi127,train,non-fight,research-only-third-party-video-rights-unverified
datasets/private/scfd/noFight/nofi128.mp4,0,scfd,scfd:nofi128,train,non-fight,research-only-third-party-video-rights-unverified
datasets/private/scfd/noFight/nofi129.mp4,0,scfd,scfd:nofi129,test,non-fight,research-only-third-party-video-rights-unverified
datasets/private/scfd/noFight/nofi130.mp4,0,scfd,scfd:nofi130,train,non-fight,research-only-third-party-video-rights-unverified
datasets/private/scfd/noFight/nofi131.mp4,0,scfd,scfd:nofi131,train,non-fight,research-only-third-party-video-rights-unverified
datasets/private/scfd/noFight/nofi132.mp4,0,scfd,scfd:nofi132,train,non-fight,research-only-third-party-video-rights-unverified
datasets/private/scfd/noFight/nofi133.mp4,0,scfd,scfd:nofi133,train,non-fight,research-only-third-party-video-rights-unverified
datasets/private/scfd/noFight/nofi134.mp4,0,scfd,scfd:nofi134,test,non-fight,research-only-third-party-video-rights-unverified
datasets/private/scfd/noFight/nofi135.mp4,0,scfd,scfd:nofi135,train,non-fight,research-only-third-party-video-rights-unverified
datasets/private/scfd/noFight/nofi136.mp4,0,scfd,scfd:nofi136,val,non-fight,research-only-third-party-video-rights-unverified
datasets/private/scfd/noFight/nofi137.mp4,0,scfd,scfd:nofi137,test,non-fight,research-only-third-party-video-rights-unverified
datasets/private/scfd/noFight/nofi138.mp4,0,scfd,scfd:nofi138,test,non-fight,research-only-third-party-video-rights-unverified
datasets/private/scfd/noFight/nofi139.mp4,0,scfd,scfd:nofi139,train,non-fight,research-only-third-party-video-rights-unverified
datasets/private/scfd/noFight/nofi140.mp4,0,scfd,scfd:nofi140,train,non-fight,research-only-third-party-video-rights-unverified
datasets/private/scfd/noFight/nofi141.mp4,0,scfd,scfd:nofi141,val,non-fight,research-only-third-party-video-rights-unverified
datasets/private/scfd/noFight/nofi142.mp4,0,scfd,scfd:nofi142,train,non-fight,research-only-third-party-video-rights-unverified
datasets/private/scfd/noFight/nofi143.mp4,0,scfd,scfd:nofi143,train,non-fight,research-only-third-party-video-rights-unverified
datasets/private/scfd/noFight/nofi144.mp4,0,scfd,scfd:nofi144,train,non-fight,research-only-third-party-video-rights-unverified
datasets/private/scfd/noFight/nofi145.mp4,0,scfd,scfd:nofi145,train,non-fight,research-only-third-party-video-rights-unverified
datasets/private/scfd/noFight/nofi146.mp4,0,scfd,scfd:nofi146,train,non-fight,research-only-third-party-video-rights-unverified
datasets/private/scfd/noFight/nofi147.mp4,0,scfd,scfd:nofi147,train,non-fight,research-only-third-party-video-rights-unverified
datasets/private/scfd/noFight/nofi148.mp4,0,scfd,scfd:nofi148,test,non-fight,research-only-third-party-video-rights-unverified
datasets/private/scfd/noFight/nofi149.mp4,0,scfd,scfd:nofi149,val,non-fight,research-only-third-party-video-rights-unverified
datasets/private/scfd/noFight/nofi150.mp4,0,scfd,scfd:nofi150,test,non-fight,research-only-third-party-video-rights-unverified
datasets/private/airtlab/violence-detection-dataset/non-violent/cam1/1.mp4,0,airtlab,airtlab:non-violent:1,train,"hug,highfive",research-and-education
datasets/private/airtlab/violence-detection-dataset/non-violent/cam1/10.mp4,0,airtlab,airtlab:non-violent:10,train,handgestures,research-and-education
datasets/private/airtlab/violence-detection-dataset/non-violent/cam1/11.mp4,0,airtlab,airtlab:non-violent:11,train,highfive,research-and-education
datasets/private/airtlab/violence-detection-dataset/non-violent/cam1/12.mp4,0,airtlab,airtlab:non-violent:12,train,"hug,greet",research-and-education
datasets/private/airtlab/violence-detection-dataset/non-violent/cam1/13.mp4,0,airtlab,airtlab:non-violent:13,train,greet,research-and-education
datasets/private/airtlab/violence-detection-dataset/non-violent/cam1/14.mp4,0,airtlab,airtlab:non-violent:14,val,friendly punch,research-and-education
datasets/private/airtlab/violence-detection-dataset/non-violent/cam1/15.mp4,0,airtlab,airtlab:non-violent:15,val,handgestures,research-and-education
datasets/private/airtlab/violence-detection-dataset/non-violent/cam1/16.mp4,0,airtlab,airtlab:non-violent:16,train,jump,research-and-education
datasets/private/airtlab/violence-detection-dataset/non-violent/cam1/17.mp4,0,airtlab,airtlab:non-violent:17,train,handgestures,research-and-education
datasets/private/airtlab/violence-detection-dataset/non-violent/cam1/18.mp4,0,airtlab,airtlab:non-violent:18,val,greet,research-and-education
datasets/private/airtlab/violence-detection-dataset/non-violent/cam1/19.mp4,0,airtlab,airtlab:non-violent:19,train,greet,research-and-education
datasets/private/airtlab/violence-detection-dataset/non-violent/cam1/2.mp4,0,airtlab,airtlab:non-violent:2,train,"highfive,greet",research-and-education
datasets/private/airtlab/violence-detection-dataset/non-violent/cam1/20.mp4,0,airtlab,airtlab:non-violent:20,train,handgestures,research-and-education
datasets/private/airtlab/violence-detection-dataset/non-violent/cam1/21.mp4,0,airtlab,airtlab:non-violent:21,test,handgestures,research-and-education
datasets/private/airtlab/violence-detection-dataset/non-violent/cam1/22.mp4,0,airtlab,airtlab:non-violent:22,train,"greet,handgestures",research-and-education
datasets/private/airtlab/violence-detection-dataset/non-violent/cam1/23.mp4,0,airtlab,airtlab:non-violent:23,train,jump,research-and-education
datasets/private/airtlab/violence-detection-dataset/non-violent/cam1/24.mp4,0,airtlab,airtlab:non-violent:24,train,greet,research-and-education
datasets/private/airtlab/violence-detection-dataset/non-violent/cam1/25.mp4,0,airtlab,airtlab:non-violent:25,train,"hug,greet",research-and-education
datasets/private/airtlab/violence-detection-dataset/non-violent/cam1/26.mp4,0,airtlab,airtlab:non-violent:26,val,handgestures,research-and-education
datasets/private/airtlab/violence-detection-dataset/non-violent/cam1/27.mp4,0,airtlab,airtlab:non-violent:27,train,"handgestures,highfive",research-and-education
datasets/private/airtlab/violence-detection-dataset/non-violent/cam1/28.mp4,0,airtlab,airtlab:non-violent:28,val,hug,research-and-education
datasets/private/airtlab/violence-detection-dataset/non-violent/cam1/29.mp4,0,airtlab,airtlab:non-violent:29,train,"hug,greet",research-and-education
datasets/private/airtlab/violence-detection-dataset/non-violent/cam1/3.mp4,0,airtlab,airtlab:non-violent:3,train,handgestures,research-and-education
datasets/private/airtlab/violence-detection-dataset/non-violent/cam1/30.mp4,0,airtlab,airtlab:non-violent:30,train,greet,research-and-education
datasets/private/airtlab/violence-detection-dataset/non-violent/cam1/31.mp4,0,airtlab,airtlab:non-violent:31,train,greet,research-and-education
datasets/private/airtlab/violence-detection-dataset/non-violent/cam1/32.mp4,0,airtlab,airtlab:non-violent:32,train,"hug,greet,jump",research-and-education
datasets/private/airtlab/violence-detection-dataset/non-violent/cam1/33.mp4,0,airtlab,airtlab:non-violent:33,train,"jump,greet,hug",research-and-education
datasets/private/airtlab/violence-detection-dataset/non-violent/cam1/34.mp4,0,airtlab,airtlab:non-violent:34,val,greet,research-and-education
datasets/private/airtlab/violence-detection-dataset/non-violent/cam1/35.mp4,0,airtlab,airtlab:non-violent:35,test,jump,research-and-education
datasets/private/airtlab/violence-detection-dataset/non-violent/cam1/36.mp4,0,airtlab,airtlab:non-violent:36,train,"hug,jump",research-and-education
datasets/private/airtlab/violence-detection-dataset/non-violent/cam1/37.mp4,0,airtlab,airtlab:non-violent:37,train,"hug,jump",research-and-education
datasets/private/airtlab/violence-detection-dataset/non-violent/cam1/38.mp4,0,airtlab,airtlab:non-violent:38,train,hug,research-and-education
datasets/private/airtlab/violence-detection-dataset/non-violent/cam1/39.mp4,0,airtlab,airtlab:non-violent:39,train,handgestures,research-and-education
datasets/private/airtlab/violence-detection-dataset/non-violent/cam1/4.mp4,0,airtlab,airtlab:non-violent:4,test,handgestures,research-and-education
datasets/private/airtlab/violence-detection-dataset/non-violent/cam1/40.mp4,0,airtlab,airtlab:non-violent:40,test,"greet,highfive",research-and-education
datasets/private/airtlab/violence-detection-dataset/non-violent/cam1/41.mp4,0,airtlab,airtlab:non-violent:41,test,"highfive,greet",research-and-education
datasets/private/airtlab/violence-detection-dataset/non-violent/cam1/42.mp4,0,airtlab,airtlab:non-violent:42,train,greet,research-and-education
datasets/private/airtlab/violence-detection-dataset/non-violent/cam1/43.mp4,0,airtlab,airtlab:non-violent:43,train,greet,research-and-education
datasets/private/airtlab/violence-detection-dataset/non-violent/cam1/44.mp4,0,airtlab,airtlab:non-violent:44,train,hug,research-and-education
datasets/private/airtlab/violence-detection-dataset/non-violent/cam1/45.mp4,0,airtlab,airtlab:non-violent:45,test,greet,research-and-education
datasets/private/airtlab/violence-detection-dataset/non-violent/cam1/46.mp4,0,airtlab,airtlab:non-violent:46,train,greet,research-and-education
datasets/private/airtlab/violence-detection-dataset/non-violent/cam1/47.mp4,0,airtlab,airtlab:non-violent:47,train,hug,research-and-education
datasets/private/airtlab/violence-detection-dataset/non-violent/cam1/48.mp4,0,airtlab,airtlab:non-violent:48,train,greet,research-and-education
datasets/private/airtlab/violence-detection-dataset/non-violent/cam1/49.mp4,0,airtlab,airtlab:non-violent:49,train,hug,research-and-education
datasets/private/airtlab/violence-detection-dataset/non-violent/cam1/5.mp4,0,airtlab,airtlab:non-violent:5,train,"jump,hug",research-and-education
datasets/private/airtlab/violence-detection-dataset/non-violent/cam1/50.mp4,0,airtlab,airtlab:non-violent:50,val,"greet,handgestures",research-and-education
datasets/private/airtlab/violence-detection-dataset/non-violent/cam1/51.mp4,0,airtlab,airtlab:non-violent:51,train,"greet,walk",research-and-education
datasets/private/airtlab/violence-detection-dataset/non-violent/cam1/52.mp4,0,airtlab,airtlab:non-violent:52,test,greet,research-and-education
datasets/private/airtlab/violence-detection-dataset/non-violent/cam1/53.mp4,0,airtlab,airtlab:non-violent:53,train,"walk,greet",research-and-education
datasets/private/airtlab/violence-detection-dataset/non-violent/cam1/54.mp4,0,airtlab,airtlab:non-violent:54,train,greet,research-and-education
datasets/private/airtlab/violence-detection-dataset/non-violent/cam1/55.mp4,0,airtlab,airtlab:non-violent:55,train,greet,research-and-education
datasets/private/airtlab/violence-detection-dataset/non-violent/cam1/56.mp4,0,airtlab,airtlab:non-violent:56,train,handgestures,research-and-education
datasets/private/airtlab/violence-detection-dataset/non-violent/cam1/57.mp4,0,airtlab,airtlab:non-violent:57,test,"greet,handshake",research-and-education
datasets/private/airtlab/violence-detection-dataset/non-violent/cam1/58.mp4,0,airtlab,airtlab:non-violent:58,val,"jump,greet,hug",research-and-education
datasets/private/airtlab/violence-detection-dataset/non-violent/cam1/59.mp4,0,airtlab,airtlab:non-violent:59,train,"handgestures,greet",research-and-education
datasets/private/airtlab/violence-detection-dataset/non-violent/cam1/6.mp4,0,airtlab,airtlab:non-violent:6,train,hug,research-and-education
datasets/private/airtlab/violence-detection-dataset/non-violent/cam1/60.mp4,0,airtlab,airtlab:non-violent:60,val,handgestures,research-and-education
datasets/private/airtlab/violence-detection-dataset/non-violent/cam1/7.mp4,0,airtlab,airtlab:non-violent:7,train,greet,research-and-education
datasets/private/airtlab/violence-detection-dataset/non-violent/cam1/8.mp4,0,airtlab,airtlab:non-violent:8,test,greet,research-and-education
datasets/private/airtlab/violence-detection-dataset/non-violent/cam1/9.mp4,0,airtlab,airtlab:non-violent:9,train,greet,research-and-education
datasets/private/airtlab/violence-detection-dataset/non-violent/cam2/1.mp4,0,airtlab,airtlab:non-violent:1,train,"hug,highfive",research-and-education
datasets/private/airtlab/violence-detection-dataset/non-violent/cam2/10.mp4,0,airtlab,airtlab:non-violent:10,train,handgestures,research-and-education
datasets/private/airtlab/violence-detection-dataset/non-violent/cam2/11.mp4,0,airtlab,airtlab:non-violent:11,train,highfive,research-and-education
datasets/private/airtlab/violence-detection-dataset/non-violent/cam2/12.mp4,0,airtlab,airtlab:non-violent:12,train,"hug,greet",research-and-education
datasets/private/airtlab/violence-detection-dataset/non-violent/cam2/13.mp4,0,airtlab,airtlab:non-violent:13,train,greet,research-and-education
datasets/private/airtlab/violence-detection-dataset/non-violent/cam2/14.mp4,0,airtlab,airtlab:non-violent:14,val,friendly punch,research-and-education
datasets/private/airtlab/violence-detection-dataset/non-violent/cam2/15.mp4,0,airtlab,airtlab:non-violent:15,val,handgestures,research-and-education
datasets/private/airtlab/violence-detection-dataset/non-violent/cam2/16.mp4,0,airtlab,airtlab:non-violent:16,train,jump,research-and-education
datasets/private/airtlab/violence-detection-dataset/non-violent/cam2/17.mp4,0,airtlab,airtlab:non-violent:17,train,handgestures,research-and-education
datasets/private/airtlab/violence-detection-dataset/non-violent/cam2/18.mp4,0,airtlab,airtlab:non-violent:18,val,greet,research-and-education
datasets/private/airtlab/violence-detection-dataset/non-violent/cam2/19.mp4,0,airtlab,airtlab:non-violent:19,train,greet,research-and-education
datasets/private/airtlab/violence-detection-dataset/non-violent/cam2/2.mp4,0,airtlab,airtlab:non-violent:2,train,"highfive,greet",research-and-education
datasets/private/airtlab/violence-detection-dataset/non-violent/cam2/20.mp4,0,airtlab,airtlab:non-violent:20,train,handgestures,research-and-education
datasets/private/airtlab/violence-detection-dataset/non-violent/cam2/21.mp4,0,airtlab,airtlab:non-violent:21,test,handgestures,research-and-education
datasets/private/airtlab/violence-detection-dataset/non-violent/cam2/22.mp4,0,airtlab,airtlab:non-violent:22,train,"greet,handgestures",research-and-education
datasets/private/airtlab/violence-detection-dataset/non-violent/cam2/23.mp4,0,airtlab,airtlab:non-violent:23,train,jump,research-and-education
datasets/private/airtlab/violence-detection-dataset/non-violent/cam2/24.mp4,0,airtlab,airtlab:non-violent:24,train,greet,research-and-education
datasets/private/airtlab/violence-detection-dataset/non-violent/cam2/25.mp4,0,airtlab,airtlab:non-violent:25,train,"hug,greet",research-and-education
datasets/private/airtlab/violence-detection-dataset/non-violent/cam2/26.mp4,0,airtlab,airtlab:non-violent:26,val,handgestures,research-and-education
datasets/private/airtlab/violence-detection-dataset/non-violent/cam2/27.mp4,0,airtlab,airtlab:non-violent:27,train,"handgestures,highfive",research-and-education
datasets/private/airtlab/violence-detection-dataset/non-violent/cam2/28.mp4,0,airtlab,airtlab:non-violent:28,val,hug,research-and-education
datasets/private/airtlab/violence-detection-dataset/non-violent/cam2/29.mp4,0,airtlab,airtlab:non-violent:29,train,"hug,greet",research-and-education
datasets/private/airtlab/violence-detection-dataset/non-violent/cam2/3.mp4,0,airtlab,airtlab:non-violent:3,train,handgestures,research-and-education
datasets/private/airtlab/violence-detection-dataset/non-violent/cam2/30.mp4,0,airtlab,airtlab:non-violent:30,train,greet,research-and-education
datasets/private/airtlab/violence-detection-dataset/non-violent/cam2/31.mp4,0,airtlab,airtlab:non-violent:31,train,greet,research-and-education
datasets/private/airtlab/violence-detection-dataset/non-violent/cam2/32.mp4,0,airtlab,airtlab:non-violent:32,train,"hug,greet,jump",research-and-education
datasets/private/airtlab/violence-detection-dataset/non-violent/cam2/33.mp4,0,airtlab,airtlab:non-violent:33,train,"jump,greet,hug",research-and-education
datasets/private/airtlab/violence-detection-dataset/non-violent/cam2/34.mp4,0,airtlab,airtlab:non-violent:34,val,greet,research-and-education
datasets/private/airtlab/violence-detection-dataset/non-violent/cam2/35.mp4,0,airtlab,airtlab:non-violent:35,test,jump,research-and-education
datasets/private/airtlab/violence-detection-dataset/non-violent/cam2/36.mp4,0,airtlab,airtlab:non-violent:36,train,"hug,jump",research-and-education
datasets/private/airtlab/violence-detection-dataset/non-violent/cam2/37.mp4,0,airtlab,airtlab:non-violent:37,train,"hug,jump",research-and-education
datasets/private/airtlab/violence-detection-dataset/non-violent/cam2/38.mp4,0,airtlab,airtlab:non-violent:38,train,hug,research-and-education
datasets/private/airtlab/violence-detection-dataset/non-violent/cam2/39.mp4,0,airtlab,airtlab:non-violent:39,train,handgestures,research-and-education
datasets/private/airtlab/violence-detection-dataset/non-violent/cam2/4.mp4,0,airtlab,airtlab:non-violent:4,test,handgestures,research-and-education
datasets/private/airtlab/violence-detection-dataset/non-violent/cam2/40.mp4,0,airtlab,airtlab:non-violent:40,test,"greet,highfive",research-and-education
datasets/private/airtlab/violence-detection-dataset/non-violent/cam2/41.mp4,0,airtlab,airtlab:non-violent:41,test,"highfive,greet",research-and-education
datasets/private/airtlab/violence-detection-dataset/non-violent/cam2/42.mp4,0,airtlab,airtlab:non-violent:42,train,greet,research-and-education
datasets/private/airtlab/violence-detection-dataset/non-violent/cam2/43.mp4,0,airtlab,airtlab:non-violent:43,train,greet,research-and-education
datasets/private/airtlab/violence-detection-dataset/non-violent/cam2/44.mp4,0,airtlab,airtlab:non-violent:44,train,hug,research-and-education
datasets/private/airtlab/violence-detection-dataset/non-violent/cam2/45.mp4,0,airtlab,airtlab:non-violent:45,test,greet,research-and-education
datasets/private/airtlab/violence-detection-dataset/non-violent/cam2/46.mp4,0,airtlab,airtlab:non-violent:46,train,greet,research-and-education
datasets/private/airtlab/violence-detection-dataset/non-violent/cam2/47.mp4,0,airtlab,airtlab:non-violent:47,train,hug,research-and-education
datasets/private/airtlab/violence-detection-dataset/non-violent/cam2/48.mp4,0,airtlab,airtlab:non-violent:48,train,greet,research-and-education
datasets/private/airtlab/violence-detection-dataset/non-violent/cam2/49.mp4,0,airtlab,airtlab:non-violent:49,train,hug,research-and-education
datasets/private/airtlab/violence-detection-dataset/non-violent/cam2/5.mp4,0,airtlab,airtlab:non-violent:5,train,"jump,hug",research-and-education
datasets/private/airtlab/violence-detection-dataset/non-violent/cam2/50.mp4,0,airtlab,airtlab:non-violent:50,val,"greet,handgestures",research-and-education
datasets/private/airtlab/violence-detection-dataset/non-violent/cam2/51.mp4,0,airtlab,airtlab:non-violent:51,train,"greet,walk",research-and-education
datasets/private/airtlab/violence-detection-dataset/non-violent/cam2/52.mp4,0,airtlab,airtlab:non-violent:52,test,greet,research-and-education
datasets/private/airtlab/violence-detection-dataset/non-violent/cam2/53.mp4,0,airtlab,airtlab:non-violent:53,train,"walk,greet",research-and-education
datasets/private/airtlab/violence-detection-dataset/non-violent/cam2/54.mp4,0,airtlab,airtlab:non-violent:54,train,greet,research-and-education
datasets/private/airtlab/violence-detection-dataset/non-violent/cam2/55.mp4,0,airtlab,airtlab:non-violent:55,train,greet,research-and-education
datasets/private/airtlab/violence-detection-dataset/non-violent/cam2/56.mp4,0,airtlab,airtlab:non-violent:56,train,handgestures,research-and-education
datasets/private/airtlab/violence-detection-dataset/non-violent/cam2/57.mp4,0,airtlab,airtlab:non-violent:57,test,"greet,handshake",research-and-education
datasets/private/airtlab/violence-detection-dataset/non-violent/cam2/58.mp4,0,airtlab,airtlab:non-violent:58,val,"jump,greet,hug",research-and-education
datasets/private/airtlab/violence-detection-dataset/non-violent/cam2/59.mp4,0,airtlab,airtlab:non-violent:59,train,"handgestures,greet",research-and-education
datasets/private/airtlab/violence-detection-dataset/non-violent/cam2/6.mp4,0,airtlab,airtlab:non-violent:6,train,hug,research-and-education
datasets/private/airtlab/violence-detection-dataset/non-violent/cam2/60.mp4,0,airtlab,airtlab:non-violent:60,val,handgestures,research-and-education
datasets/private/airtlab/violence-detection-dataset/non-violent/cam2/7.mp4,0,airtlab,airtlab:non-violent:7,train,greet,research-and-education
datasets/private/airtlab/violence-detection-dataset/non-violent/cam2/8.mp4,0,airtlab,airtlab:non-violent:8,test,greet,research-and-education
datasets/private/airtlab/violence-detection-dataset/non-violent/cam2/9.mp4,0,airtlab,airtlab:non-violent:9,train,greet,research-and-education
datasets/private/airtlab/violence-detection-dataset/violent/cam1/1.mp4,1,airtlab,airtlab:violent:1,test,slap,research-and-education
datasets/private/airtlab/violence-detection-dataset/violent/cam1/10.mp4,1,airtlab,airtlab:violent:10,test,fight,research-and-education
datasets/private/airtlab/violence-detection-dataset/violent/cam1/100.mp4,1,airtlab,airtlab:violent:100,test,"club,fight",research-and-education
datasets/private/airtlab/violence-detection-dataset/violent/cam1/101.mp4,1,airtlab,airtlab:violent:101,val,"fight,punch,slap",research-and-education
datasets/private/airtlab/violence-detection-dataset/violent/cam1/102.mp4,1,airtlab,airtlab:violent:102,train,slap,research-and-education
datasets/private/airtlab/violence-detection-dataset/violent/cam1/103.mp4,1,airtlab,airtlab:violent:103,train,slap,research-and-education
datasets/private/airtlab/violence-detection-dataset/violent/cam1/104.mp4,1,airtlab,airtlab:violent:104,test,"club,fight,kick",research-and-education
datasets/private/airtlab/violence-detection-dataset/violent/cam1/105.mp4,1,airtlab,airtlab:violent:105,train,"club,slap",research-and-education
datasets/private/airtlab/violence-detection-dataset/violent/cam1/106.mp4,1,airtlab,airtlab:violent:106,train,"choke,fight",research-and-education
datasets/private/airtlab/violence-detection-dataset/violent/cam1/107.mp4,1,airtlab,airtlab:violent:107,test,punch,research-and-education
datasets/private/airtlab/violence-detection-dataset/violent/cam1/109.mp4,1,airtlab,airtlab:violent:109,train,punch,research-and-education
datasets/private/airtlab/violence-detection-dataset/violent/cam1/11.mp4,1,airtlab,airtlab:violent:11,train,fight,research-and-education
datasets/private/airtlab/violence-detection-dataset/violent/cam1/111.mp4,1,airtlab,airtlab:violent:111,train,"club,fight,punch",research-and-education
datasets/private/airtlab/violence-detection-dataset/violent/cam1/112.mp4,1,airtlab,airtlab:violent:112,test,"push,fight",research-and-education
datasets/private/airtlab/violence-detection-dataset/violent/cam1/113.mp4,1,airtlab,airtlab:violent:113,train,"push,punch",research-and-education
datasets/private/airtlab/violence-detection-dataset/violent/cam1/115.mp4,1,airtlab,airtlab:violent:115,train,"push,fight",research-and-education
datasets/private/airtlab/violence-detection-dataset/violent/cam1/12.mp4,1,airtlab,airtlab:violent:12,train,push,research-and-education
datasets/private/airtlab/violence-detection-dataset/violent/cam1/13.mp4,1,airtlab,airtlab:violent:13,train,fight,research-and-education
datasets/private/airtlab/violence-detection-dataset/violent/cam1/15.mp4,1,airtlab,airtlab:violent:15,test,fight,research-and-education
datasets/private/airtlab/violence-detection-dataset/violent/cam1/2.mp4,1,airtlab,airtlab:violent:2,train,slap,research-and-education
datasets/private/airtlab/violence-detection-dataset/violent/cam1/22.mp4,1,airtlab,airtlab:violent:22,train,slap,research-and-education
datasets/private/airtlab/violence-detection-dataset/violent/cam1/23.mp4,1,airtlab,airtlab:violent:23,val,"club,kick,fight",research-and-education
datasets/private/airtlab/violence-detection-dataset/violent/cam1/24.mp4,1,airtlab,airtlab:violent:24,train,"club,fight",research-and-education
datasets/private/airtlab/violence-detection-dataset/violent/cam1/25.mp4,1,airtlab,airtlab:violent:25,val,"club,kick,fight",research-and-education
datasets/private/airtlab/violence-detection-dataset/violent/cam1/26.mp4,1,airtlab,airtlab:violent:26,train,"choke,fight",research-and-education
datasets/private/airtlab/violence-detection-dataset/violent/cam1/27.mp4,1,airtlab,airtlab:violent:27,train,"push,club",research-and-education
datasets/private/airtlab/violence-detection-dataset/violent/cam1/28.mp4,1,airtlab,airtlab:violent:28,val,"push,club",research-and-education
datasets/private/airtlab/violence-detection-dataset/violent/cam1/3.mp4,1,airtlab,airtlab:violent:3,val,"slap,kick",research-and-education
datasets/private/airtlab/violence-detection-dataset/violent/cam1/30.mp4,1,airtlab,airtlab:violent:30,train,"push,club,fight",research-and-education
datasets/private/airtlab/violence-detection-dataset/violent/cam1/31.mp4,1,airtlab,airtlab:violent:31,test,"push,club,fight",research-and-education
datasets/private/airtlab/violence-detection-dataset/violent/cam1/32.mp4,1,airtlab,airtlab:violent:32,test,"club,fight",research-and-education
datasets/private/airtlab/violence-detection-dataset/violent/cam1/33.mp4,1,airtlab,airtlab:violent:33,train,"club,fight,choke",research-and-education
datasets/private/airtlab/violence-detection-dataset/violent/cam1/34.mp4,1,airtlab,airtlab:violent:34,train,"club,kick",research-and-education
datasets/private/airtlab/violence-detection-dataset/violent/cam1/35.mp4,1,airtlab,airtlab:violent:35,train,"club,fight,push",research-and-education
datasets/private/airtlab/violence-detection-dataset/violent/cam1/36.mp4,1,airtlab,airtlab:violent:36,train,"club,fight",research-and-education
datasets/private/airtlab/violence-detection-dataset/violent/cam1/37.mp4,1,airtlab,airtlab:violent:37,test,"choke,fight",research-and-education
datasets/private/airtlab/violence-detection-dataset/violent/cam1/38.mp4,1,airtlab,airtlab:violent:38,train,"slap,choke,fight,push",research-and-education
datasets/private/airtlab/violence-detection-dataset/violent/cam1/39.mp4,1,airtlab,airtlab:violent:39,val,slap,research-and-education
datasets/private/airtlab/violence-detection-dataset/violent/cam1/40.mp4,1,airtlab,airtlab:violent:40,val,slap,research-and-education
datasets/private/airtlab/violence-detection-dataset/violent/cam1/41.mp4,1,airtlab,airtlab:violent:41,train,slap,research-and-education
datasets/private/airtlab/violence-detection-dataset/violent/cam1/42.mp4,1,airtlab,airtlab:violent:42,train,"push,fight,kick",research-and-education
datasets/private/airtlab/violence-detection-dataset/violent/cam1/43.mp4,1,airtlab,airtlab:violent:43,test,"fight,punch,push,kick",research-and-education
datasets/private/airtlab/violence-detection-dataset/violent/cam1/44.mp4,1,airtlab,airtlab:violent:44,train,"punch,club,fight",research-and-education
datasets/private/airtlab/violence-detection-dataset/violent/cam1/45.mp4,1,airtlab,airtlab:violent:45,train,"punch,push,fight",research-and-education
datasets/private/airtlab/violence-detection-dataset/violent/cam1/46.mp4,1,airtlab,airtlab:violent:46,val,punch,research-and-education
datasets/private/airtlab/violence-detection-dataset/violent/cam1/47.mp4,1,airtlab,airtlab:violent:47,val,"punch,fight,kick",research-and-education
datasets/private/airtlab/violence-detection-dataset/violent/cam1/48.mp4,1,airtlab,airtlab:violent:48,train,kick,research-and-education
datasets/private/airtlab/violence-detection-dataset/violent/cam1/49.mp4,1,airtlab,airtlab:violent:49,train,"stab,fight,slap",research-and-education
datasets/private/airtlab/violence-detection-dataset/violent/cam1/50.mp4,1,airtlab,airtlab:violent:50,train,"slap,fight,punch",research-and-education
datasets/private/airtlab/violence-detection-dataset/violent/cam1/53.mp4,1,airtlab,airtlab:violent:53,train,"push,kick",research-and-education
datasets/private/airtlab/violence-detection-dataset/violent/cam1/55.mp4,1,airtlab,airtlab:violent:55,train,"club,fight,kick",research-and-education
datasets/private/airtlab/violence-detection-dataset/violent/cam1/56.mp4,1,airtlab,airtlab:violent:56,train,"choke,stab",research-and-education
datasets/private/airtlab/violence-detection-dataset/violent/cam1/58.mp4,1,airtlab,airtlab:violent:58,test,kick,research-and-education
datasets/private/airtlab/violence-detection-dataset/violent/cam1/60.mp4,1,airtlab,airtlab:violent:60,train,"gunshot,choke,stab",research-and-education
datasets/private/airtlab/violence-detection-dataset/violent/cam1/62.mp4,1,airtlab,airtlab:violent:62,train,"stab,push",research-and-education
datasets/private/airtlab/violence-detection-dataset/violent/cam1/63.mp4,1,airtlab,airtlab:violent:63,train,"club,fight,punch",research-and-education
datasets/private/airtlab/violence-detection-dataset/violent/cam1/65.mp4,1,airtlab,airtlab:violent:65,train,kick,research-and-education
datasets/private/airtlab/violence-detection-dataset/violent/cam1/67.mp4,1,airtlab,airtlab:violent:67,val,"club,kick,fight",research-and-education
datasets/private/airtlab/violence-detection-dataset/violent/cam1/7.mp4,1,airtlab,airtlab:violent:7,train,punch,research-and-education
datasets/private/airtlab/violence-detection-dataset/violent/cam1/71.mp4,1,airtlab,airtlab:violent:71,train,"push,gunshot",research-and-education
datasets/private/airtlab/violence-detection-dataset/violent/cam1/73.mp4,1,airtlab,airtlab:violent:73,train,"push,fight",research-and-education
datasets/private/airtlab/violence-detection-dataset/violent/cam1/74.mp4,1,airtlab,airtlab:violent:74,train,slap,research-and-education
datasets/private/airtlab/violence-detection-dataset/violent/cam1/75.mp4,1,airtlab,airtlab:violent:75,train,"push,punch,fight",research-and-education
datasets/private/airtlab/violence-detection-dataset/violent/cam1/76.mp4,1,airtlab,airtlab:violent:76,test,"punch,kick",research-and-education
datasets/private/airtlab/violence-detection-dataset/violent/cam1/77.mp4,1,airtlab,airtlab:violent:77,train,punch,research-and-education
datasets/private/airtlab/violence-detection-dataset/violent/cam1/79.mp4,1,airtlab,airtlab:violent:79,train,kick,research-and-education
datasets/private/airtlab/violence-detection-dataset/violent/cam1/8.mp4,1,airtlab,airtlab:violent:8,train,fight,research-and-education
datasets/private/airtlab/violence-detection-dataset/violent/cam1/80.mp4,1,airtlab,airtlab:violent:80,train,"choke,slap",research-and-education
datasets/private/airtlab/violence-detection-dataset/violent/cam1/81.mp4,1,airtlab,airtlab:violent:81,train,"choke,punch,slap",research-and-education
datasets/private/airtlab/violence-detection-dataset/violent/cam1/82.mp4,1,airtlab,airtlab:violent:82,train,"punch,stab,fight",research-and-education
datasets/private/airtlab/violence-detection-dataset/violent/cam1/83.mp4,1,airtlab,airtlab:violent:83,train,"kick,choke",research-and-education
datasets/private/airtlab/violence-detection-dataset/violent/cam1/84.mp4,1,airtlab,airtlab:violent:84,train,"club,fight",research-and-education
datasets/private/airtlab/violence-detection-dataset/violent/cam1/85.mp4,1,airtlab,airtlab:violent:85,train,punch,research-and-education
datasets/private/airtlab/violence-detection-dataset/violent/cam1/86.mp4,1,airtlab,airtlab:violent:86,test,"jump,punch,fight,kick",research-and-education
datasets/private/airtlab/violence-detection-dataset/violent/cam1/87.mp4,1,airtlab,airtlab:violent:87,train,choke,research-and-education
datasets/private/airtlab/violence-detection-dataset/violent/cam1/88.mp4,1,airtlab,airtlab:violent:88,train,"club,fight,punch",research-and-education
datasets/private/airtlab/violence-detection-dataset/violent/cam1/89.mp4,1,airtlab,airtlab:violent:89,train,"choke,fight,push",research-and-education
datasets/private/airtlab/violence-detection-dataset/violent/cam1/9.mp4,1,airtlab,airtlab:violent:9,train,"kick,fight",research-and-education
datasets/private/airtlab/violence-detection-dataset/violent/cam1/91.mp4,1,airtlab,airtlab:violent:91,val,"gunshot,fight",research-and-education
datasets/private/airtlab/violence-detection-dataset/violent/cam1/92.mp4,1,airtlab,airtlab:violent:92,train,"punch,fight",research-and-education
datasets/private/airtlab/violence-detection-dataset/violent/cam1/95.mp4,1,airtlab,airtlab:violent:95,val,"push,gunshot",research-and-education
datasets/private/airtlab/violence-detection-dataset/violent/cam1/96.mp4,1,airtlab,airtlab:violent:96,train,"push,slap",research-and-education
datasets/private/airtlab/violence-detection-dataset/violent/cam1/97.mp4,1,airtlab,airtlab:violent:97,train,"kick,fight",research-and-education
datasets/private/airtlab/violence-detection-dataset/violent/cam1/98.mp4,1,airtlab,airtlab:violent:98,train,"punch,push,fight,choke",research-and-education
datasets/private/airtlab/violence-detection-dataset/violent/cam1/99.mp4,1,airtlab,airtlab:violent:99,train,kick,research-and-education
datasets/private/airtlab/violence-detection-dataset/violent/cam2/1.mp4,1,airtlab,airtlab:violent:1,test,slap,research-and-education
datasets/private/airtlab/violence-detection-dataset/violent/cam2/10.mp4,1,airtlab,airtlab:violent:10,test,fight,research-and-education
datasets/private/airtlab/violence-detection-dataset/violent/cam2/100.mp4,1,airtlab,airtlab:violent:100,test,"club,fight",research-and-education
datasets/private/airtlab/violence-detection-dataset/violent/cam2/101.mp4,1,airtlab,airtlab:violent:101,val,"fight,punch,slap",research-and-education
datasets/private/airtlab/violence-detection-dataset/violent/cam2/102.mp4,1,airtlab,airtlab:violent:102,train,slap,research-and-education
datasets/private/airtlab/violence-detection-dataset/violent/cam2/103.mp4,1,airtlab,airtlab:violent:103,train,slap,research-and-education
datasets/private/airtlab/violence-detection-dataset/violent/cam2/104.mp4,1,airtlab,airtlab:violent:104,test,"club,fight,kick",research-and-education
datasets/private/airtlab/violence-detection-dataset/violent/cam2/105.mp4,1,airtlab,airtlab:violent:105,train,"club,slap",research-and-education
datasets/private/airtlab/violence-detection-dataset/violent/cam2/106.mp4,1,airtlab,airtlab:violent:106,train,"choke,fight",research-and-education
datasets/private/airtlab/violence-detection-dataset/violent/cam2/107.mp4,1,airtlab,airtlab:violent:107,test,punch,research-and-education
datasets/private/airtlab/violence-detection-dataset/violent/cam2/109.mp4,1,airtlab,airtlab:violent:109,train,punch,research-and-education
datasets/private/airtlab/violence-detection-dataset/violent/cam2/11.mp4,1,airtlab,airtlab:violent:11,train,fight,research-and-education
datasets/private/airtlab/violence-detection-dataset/violent/cam2/111.mp4,1,airtlab,airtlab:violent:111,train,"club,fight,punch",research-and-education
datasets/private/airtlab/violence-detection-dataset/violent/cam2/112.mp4,1,airtlab,airtlab:violent:112,test,"push,fight",research-and-education
datasets/private/airtlab/violence-detection-dataset/violent/cam2/113.mp4,1,airtlab,airtlab:violent:113,train,"push,punch",research-and-education
datasets/private/airtlab/violence-detection-dataset/violent/cam2/115.mp4,1,airtlab,airtlab:violent:115,train,"push,fight",research-and-education
datasets/private/airtlab/violence-detection-dataset/violent/cam2/12.mp4,1,airtlab,airtlab:violent:12,train,push,research-and-education
datasets/private/airtlab/violence-detection-dataset/violent/cam2/13.mp4,1,airtlab,airtlab:violent:13,train,fight,research-and-education
datasets/private/airtlab/violence-detection-dataset/violent/cam2/15.mp4,1,airtlab,airtlab:violent:15,test,fight,research-and-education
datasets/private/airtlab/violence-detection-dataset/violent/cam2/2.mp4,1,airtlab,airtlab:violent:2,train,slap,research-and-education
datasets/private/airtlab/violence-detection-dataset/violent/cam2/22.mp4,1,airtlab,airtlab:violent:22,train,slap,research-and-education
datasets/private/airtlab/violence-detection-dataset/violent/cam2/23.mp4,1,airtlab,airtlab:violent:23,val,"club,kick,fight",research-and-education
datasets/private/airtlab/violence-detection-dataset/violent/cam2/24.mp4,1,airtlab,airtlab:violent:24,train,"club,fight",research-and-education
datasets/private/airtlab/violence-detection-dataset/violent/cam2/25.mp4,1,airtlab,airtlab:violent:25,val,"club,kick,fight",research-and-education
datasets/private/airtlab/violence-detection-dataset/violent/cam2/26.mp4,1,airtlab,airtlab:violent:26,train,"choke,fight",research-and-education
datasets/private/airtlab/violence-detection-dataset/violent/cam2/27.mp4,1,airtlab,airtlab:violent:27,train,"push,club",research-and-education
datasets/private/airtlab/violence-detection-dataset/violent/cam2/28.mp4,1,airtlab,airtlab:violent:28,val,"push,club",research-and-education
datasets/private/airtlab/violence-detection-dataset/violent/cam2/3.mp4,1,airtlab,airtlab:violent:3,val,"slap,kick",research-and-education
datasets/private/airtlab/violence-detection-dataset/violent/cam2/30.mp4,1,airtlab,airtlab:violent:30,train,"push,club,fight",research-and-education
datasets/private/airtlab/violence-detection-dataset/violent/cam2/31.mp4,1,airtlab,airtlab:violent:31,test,"push,club,fight",research-and-education
datasets/private/airtlab/violence-detection-dataset/violent/cam2/32.mp4,1,airtlab,airtlab:violent:32,test,"club,fight",research-and-education
datasets/private/airtlab/violence-detection-dataset/violent/cam2/33.mp4,1,airtlab,airtlab:violent:33,train,"club,fight,choke",research-and-education
datasets/private/airtlab/violence-detection-dataset/violent/cam2/34.mp4,1,airtlab,airtlab:violent:34,train,"club,kick",research-and-education
datasets/private/airtlab/violence-detection-dataset/violent/cam2/35.mp4,1,airtlab,airtlab:violent:35,train,"club,fight,push",research-and-education
datasets/private/airtlab/violence-detection-dataset/violent/cam2/36.mp4,1,airtlab,airtlab:violent:36,train,"club,fight",research-and-education
datasets/private/airtlab/violence-detection-dataset/violent/cam2/37.mp4,1,airtlab,airtlab:violent:37,test,"choke,fight",research-and-education
datasets/private/airtlab/violence-detection-dataset/violent/cam2/38.mp4,1,airtlab,airtlab:violent:38,train,"slap,choke,fight,push",research-and-education
datasets/private/airtlab/violence-detection-dataset/violent/cam2/39.mp4,1,airtlab,airtlab:violent:39,val,slap,research-and-education
datasets/private/airtlab/violence-detection-dataset/violent/cam2/40.mp4,1,airtlab,airtlab:violent:40,val,slap,research-and-education
datasets/private/airtlab/violence-detection-dataset/violent/cam2/41.mp4,1,airtlab,airtlab:violent:41,train,slap,research-and-education
datasets/private/airtlab/violence-detection-dataset/violent/cam2/42.mp4,1,airtlab,airtlab:violent:42,train,"push,fight,kick",research-and-education
datasets/private/airtlab/violence-detection-dataset/violent/cam2/43.mp4,1,airtlab,airtlab:violent:43,test,"fight,punch,push,kick",research-and-education
datasets/private/airtlab/violence-detection-dataset/violent/cam2/44.mp4,1,airtlab,airtlab:violent:44,train,"punch,club,fight",research-and-education
datasets/private/airtlab/violence-detection-dataset/violent/cam2/45.mp4,1,airtlab,airtlab:violent:45,train,"punch,push,fight",research-and-education
datasets/private/airtlab/violence-detection-dataset/violent/cam2/46.mp4,1,airtlab,airtlab:violent:46,val,punch,research-and-education
datasets/private/airtlab/violence-detection-dataset/violent/cam2/47.mp4,1,airtlab,airtlab:violent:47,val,"punch,fight,kick",research-and-education
datasets/private/airtlab/violence-detection-dataset/violent/cam2/48.mp4,1,airtlab,airtlab:violent:48,train,kick,research-and-education
datasets/private/airtlab/violence-detection-dataset/violent/cam2/49.mp4,1,airtlab,airtlab:violent:49,train,"stab,fight,slap",research-and-education
datasets/private/airtlab/violence-detection-dataset/violent/cam2/50.mp4,1,airtlab,airtlab:violent:50,train,"slap,fight,punch",research-and-education
datasets/private/airtlab/violence-detection-dataset/violent/cam2/53.mp4,1,airtlab,airtlab:violent:53,train,"push,kick",research-and-education
datasets/private/airtlab/violence-detection-dataset/violent/cam2/55.mp4,1,airtlab,airtlab:violent:55,train,"club,fight,kick",research-and-education
datasets/private/airtlab/violence-detection-dataset/violent/cam2/56.mp4,1,airtlab,airtlab:violent:56,train,"choke,stab",research-and-education
datasets/private/airtlab/violence-detection-dataset/violent/cam2/58.mp4,1,airtlab,airtlab:violent:58,test,kick,research-and-education
datasets/private/airtlab/violence-detection-dataset/violent/cam2/60.mp4,1,airtlab,airtlab:violent:60,train,"gunshot,choke,stab",research-and-education
datasets/private/airtlab/violence-detection-dataset/violent/cam2/62.mp4,1,airtlab,airtlab:violent:62,train,"stab,push",research-and-education
datasets/private/airtlab/violence-detection-dataset/violent/cam2/63.mp4,1,airtlab,airtlab:violent:63,train,"club,fight,punch",research-and-education
datasets/private/airtlab/violence-detection-dataset/violent/cam2/65.mp4,1,airtlab,airtlab:violent:65,train,kick,research-and-education
datasets/private/airtlab/violence-detection-dataset/violent/cam2/67.mp4,1,airtlab,airtlab:violent:67,val,"club,kick,fight",research-and-education
datasets/private/airtlab/violence-detection-dataset/violent/cam2/7.mp4,1,airtlab,airtlab:violent:7,train,punch,research-and-education
datasets/private/airtlab/violence-detection-dataset/violent/cam2/71.mp4,1,airtlab,airtlab:violent:71,train,"push,gunshot",research-and-education
datasets/private/airtlab/violence-detection-dataset/violent/cam2/73.mp4,1,airtlab,airtlab:violent:73,train,"push,fight",research-and-education
datasets/private/airtlab/violence-detection-dataset/violent/cam2/74.mp4,1,airtlab,airtlab:violent:74,train,slap,research-and-education
datasets/private/airtlab/violence-detection-dataset/violent/cam2/75.mp4,1,airtlab,airtlab:violent:75,train,"push,punch,fight",research-and-education
datasets/private/airtlab/violence-detection-dataset/violent/cam2/76.mp4,1,airtlab,airtlab:violent:76,test,"punch,kick",research-and-education
datasets/private/airtlab/violence-detection-dataset/violent/cam2/77.mp4,1,airtlab,airtlab:violent:77,train,punch,research-and-education
datasets/private/airtlab/violence-detection-dataset/violent/cam2/79.mp4,1,airtlab,airtlab:violent:79,train,kick,research-and-education
datasets/private/airtlab/violence-detection-dataset/violent/cam2/8.mp4,1,airtlab,airtlab:violent:8,train,fight,research-and-education
datasets/private/airtlab/violence-detection-dataset/violent/cam2/80.mp4,1,airtlab,airtlab:violent:80,train,"choke,slap",research-and-education
datasets/private/airtlab/violence-detection-dataset/violent/cam2/81.mp4,1,airtlab,airtlab:violent:81,train,"choke,punch,slap",research-and-education
datasets/private/airtlab/violence-detection-dataset/violent/cam2/82.mp4,1,airtlab,airtlab:violent:82,train,"punch,stab,fight",research-and-education
datasets/private/airtlab/violence-detection-dataset/violent/cam2/83.mp4,1,airtlab,airtlab:violent:83,train,"kick,choke",research-and-education
datasets/private/airtlab/violence-detection-dataset/violent/cam2/84.mp4,1,airtlab,airtlab:violent:84,train,"club,fight",research-and-education
datasets/private/airtlab/violence-detection-dataset/violent/cam2/85.mp4,1,airtlab,airtlab:violent:85,train,punch,research-and-education
datasets/private/airtlab/violence-detection-dataset/violent/cam2/86.mp4,1,airtlab,airtlab:violent:86,test,"jump,punch,fight,kick",research-and-education
datasets/private/airtlab/violence-detection-dataset/violent/cam2/87.mp4,1,airtlab,airtlab:violent:87,train,choke,research-and-education
datasets/private/airtlab/violence-detection-dataset/violent/cam2/88.mp4,1,airtlab,airtlab:violent:88,train,"club,fight,punch",research-and-education
datasets/private/airtlab/violence-detection-dataset/violent/cam2/89.mp4,1,airtlab,airtlab:violent:89,train,"choke,fight,push",research-and-education
datasets/private/airtlab/violence-detection-dataset/violent/cam2/9.mp4,1,airtlab,airtlab:violent:9,train,"kick,fight",research-and-education
datasets/private/airtlab/violence-detection-dataset/violent/cam2/91.mp4,1,airtlab,airtlab:violent:91,val,"gunshot,fight",research-and-education
datasets/private/airtlab/violence-detection-dataset/violent/cam2/92.mp4,1,airtlab,airtlab:violent:92,train,"punch,fight",research-and-education
datasets/private/airtlab/violence-detection-dataset/violent/cam2/95.mp4,1,airtlab,airtlab:violent:95,val,"push,gunshot",research-and-education
datasets/private/airtlab/violence-detection-dataset/violent/cam2/96.mp4,1,airtlab,airtlab:violent:96,train,"push,slap",research-and-education
datasets/private/airtlab/violence-detection-dataset/violent/cam2/97.mp4,1,airtlab,airtlab:violent:97,train,"kick,fight",research-and-education
datasets/private/airtlab/violence-detection-dataset/violent/cam2/98.mp4,1,airtlab,airtlab:violent:98,train,"punch,push,fight,choke",research-and-education
datasets/private/airtlab/violence-detection-dataset/violent/cam2/99.mp4,1,airtlab,airtlab:violent:99,train,kick,research-and-education
